<?xml version="1.0" encoding="utf-8"?>

<TableLayout
    xmlns:android="http://schemas.android.com/apk/res/android"
    android:layout_width="match_parent"
    android:layout_height="match_parent"
    android:gravity="center_vertical"
    android:stretchColumns="0">
    <TableRow>
        <TextView
            android:id="@+id/tv1"
            android:layout_gravity="center_vertical"
            android:text="그림1"
            android:textSize="12pt"/>
        <RatingBar
            android:id="@+id/rb1"
            style="?android:attr/ratingBarStyleIndicator"
            android:layout_gravity="right"/>
    </TableRow>
    <TableRow>
        <TextView
            android:id="@+id/tv2"
            android:layout_gravity="center_vertical"
            android:text="그림2"
            android:textSize="12pt"/>
        <RatingBar
            android:id="@+id/rb2"
            style="?android:attr/ratingBarStyleIndicator"
            android:layout_gravity="right"/>
    </TableRow>
    <TableRow>
        <TextView
            android:id="@+id/tv3"
            android:layout_gravity="center_vertical"
            android:text="그림3"
            android:textSize="12pt"/>
        <RatingBar
            android:id="@+id/rb3"
            style="?android:attr/ratingBarStyleIndicator"
            android:layout_gravity="right"/>
    </TableRow>
    <TableRow>
        <TextView
            android:id="@+id/tv4"
            android:layout_gravity="center_vertical"
            android:text="그림4"
            android:textSize="12pt"/>
        <RatingBar
            android:id="@+id/rb4"
            style="?android:attr/ratingBarStyleIndicator"
            android:layout_gravity="right"/>
    </TableRow>
    <TableRow>
        <TextView
            android:id="@+id/tv5"
            android:layout_gravity="center_vertical"
            android:text="그림5"
            android:textSize="12pt"/>
        <RatingBar
            android:id="@+id/rb5"
            style="?android:attr/ratingBarStyleIndicator"
            android:layout_gravity="right"/>
    </TableRow>
    <TableRow>
        <TextView
            android:id="@+id/tv6"
            android:layout_gravity="center_vertical"
            android:text="그림6"
            android:textSize="12pt"/>
        <RatingBar
            android:id="@+id/rb6"
            style="?android:attr/ratingBarStyleIndicator"
            android:layout_gravity="right"/>
    </TableRow>
    <TableRow>
        <TextView
            android:id="@+id/tv7"
            android:layout_gravity="center_vertical"
            android:text="그림7"
            android:textSize="12pt"/>
        <RatingBar
            android:id="@+id/rb7"
            style="?android:attr/ratingBarStyleIndicator"
            android:layout_gravity="right"/>
    </TableRow>
    <TableRow>
        <TextView
            android:id="@+id/tv8"
            android:layout_gravity="center_vertical"
            android:text="그림8"
            android:textSize="12pt"/>
        <RatingBar
            android:id="@+id/rb8"
            style="?android:attr/ratingBarStyleIndicator"
            android:layout_gravity="right"/>
    </TableRow>
    <TableRow>
        <TextView
            android:id="@+id/tv9"
            android:layout_gravity="center_vertical"
            android:text="그림9"
            android:textSize="12pt"/>
        <RatingBar
            android:id="@+id/rb9"
            style="?android:attr/ratingBarStyleIndicator"
            android:layout_gravity="right"/>
    </TableRow>
    <TableRow>
        <Button
            android:id="@+id/btnReturn"
            android:layout_span="2"
            android:textSize="12pt"
            android:text="메인화면"/>
    </TableRow>
</TableLayout>